file name,description,category
1223f768fd2005bb421094e80c6b1da1.gif,"The image appears to be a sprite sheet animation of a purple energy beam or lightning strike. The beam originates from a bright central point on the left, extending to the right with a jagged, erratic edge that suggests a rapid and violent discharge of energy. The colors vary from white at the core to deep purples on the outer fringes of the beam. The animation likely cycles through frames to give the impression of the beam being shot or sustained, with the glow and intensity of the beam fluctuating to simulate a lively electrical or magical effect. The background is black, which helps in emphasizing the brightness and color of the energy beam. This type of animation is commonly used in video games and other media to represent attacks or special effects.",lazer beam
530934b3ec4ba0a8533d319147ed3301.gif,"This sprite sheet animation shows a sophisticated and detailed depiction of a beam of energy being fired. At the origin point on the left, there is a bright circular formation with a glowing center, suggesting a high-energy starting point for the beam. From this central hub, rings of light expand outward, giving the impression of a shockwave or force field. The beam itself is a concentrated, bright blue-white light with a tapering trail, indicating motion and direction toward the right. There are visible oscillations or waves within the beam that add to the effect of power and movement. The termination point on the right shows a bright impact flare where the beam would presumably make contact with a target. The overall animation is likely looped to show a continuous firing sequence and is enhanced with glow and light effects to simulate a dynamic and powerful energy weapon or magical attack. The dark background accentuates the brightness and detail of the beam, making it stand out vividly. This kind of animation could be used in video games, films, or other visual media to represent a laser or energy weapon being discharged.",lazer beam
600244a253e0f707519756077a534933.gif,"The animation depicts a vibrant purple and white energy beam. The origin of the beam on the left side shows a chaotic, almost floral burst of energy with tendrils of light and dark purple hues spiraling outwards. This suggests a violent release of power. The core of the beam is an intense white light, surrounded by a gradient of purple that fades into the darker background. Particles of light and smaller bursts appear to be emitted along the beam's path, adding to the dynamic feel of the animation. The motion in the image gives the impression of the beam being shot from the left to the right side of the frame. It’s reminiscent of the type of special effects seen in science fiction or fantasy media, where such visuals are often used to represent powerful energy weapons or magical attacks.",lazer beam
d74kefa-d3488cf5-a9d7-4e9d-9f57-7f9f19c708d8.gif,"The animation shows a simple and stylized depiction of a projectile or beam, possibly intended for use in a video game or similar media. The beam is composed of a bright white center that suggests intense energy or power, and it's bordered by shades of pink and purple, giving it a bit of gradient and depth. The base of the beam, where it would be emitted from, is flared and has multiple pointed edges, which could be interpreted as energy flares or a burst effect as the beam is being shot out. The straightness and consistency of the beam’s width across its length give it a very directed, laser-like appearance. The simplicity of the design suggests it might be intended for a context where a fast performance is necessary, such as in a retro-style or mobile game where complex animations may be less feasible.",lazer beam
dbzw1sw-6d998e1e-032f-4e9f-b39c-1c1c4a892c7f.gif,"The animation shows a horizontally elongated, glowing object with a tapered end on the left, broadening as it moves to the right. This object has a soft white core, indicating intense heat or energy, and it's surrounded by a light blue aura or halo, which fades into the darker background. The tapered end suggests it is the front part of the object, possibly moving at high speed. The glow and blurring effects around the edges give the impression of motion blur or radiating energy. This type of graphic could represent a high-speed projectile, like a missile or a comet, or some kind of energy weapon discharge in a video game or digital animation, where it would be shown as quickly moving across the screen. The smooth gradient and the light effects are typically used to convey a sense of speed and power.",lazer beam
dcrjrui-5baabde8-4494-4ae5-8427-c3e5588598a7.gif,"This image appears to be a pixel art animation of a projectile or energy attack, rendered in a retro video game style. The base of the projectile on the left is large and circular, with a bright white center that indicates a high-energy origin. The projectile tapers off towards the right, with various shades of cyan and darker outlines suggesting a sense of depth and motion. The pixelated texture gives it a nostalgic, arcade-like feel, typical of 8-bit or 16-bit video games.
The white and cyan pixels could represent light and energy, with the scattered pixels around it giving the impression of energy particles or debris being left in the wake of the projectile's path. Such an animation would typically be used to represent a character or object firing a weapon or spell in a classic side-scrolling or top-down shooter game.",lazer beam
Lazer.webp,"The image appears to show a high-quality animation of a laser or energy beam. The beam is predominantly bright blue in color, with a highly saturated and intense white core, suggesting extreme heat or power. The blue color fades into a lighter hue towards the edges, giving it a glowing effect. The origin of the beam on the left side has a burst-like effect with smaller flares that suggest a rapid and forceful emission of energy. This is indicative of the beam being generated or shot from a source located off-frame to the left.
The smooth gradient and glow effects are designed to give the beam a three-dimensional appearance, while the motion blur effect indicates that it is moving at high speed. The darker background enhances the visibility of the light and color of the beam. This type of visual effect is commonly used in sci-fi media, video games, and animations to represent advanced weaponry or superpowers.",lazer beam
Purple_Beam_buff.webp,"This image portrays a dynamic and vivid animation of a purple beam, likely from a sprite sheet used in digital animation or video games. The beam itself is a radiant magenta, with a brighter, almost white core that suggests intense energy or heat. Along its path, there are various light and dark purple particles and bursts that create a sparkling or fizzing effect, adding to the sense of power and movement within the beam.
The fading of the colors from white to deep purple, along with the glowing particles, give the impression of a magical or plasma-like energy being projected with force. The dark background provides high contrast, making the beam stand out starkly and emphasizing its luminosity and color variance. This kind of effect is often used to depict energy weapons, magical attacks, or other super-powered abilities in a visual medium.",lazer beam
source.gif,"The image displays an animation of a blue beam with a very bright, white core, conveying a sense of intense heat or energy. The beam's edges are less defined and fade into the surrounding darkness, giving it a glowing effect. It resembles a laser or another type of concentrated energy projection. The light appears to flicker and vary in intensity, which adds to the dynamic feel of the animation. The beam is straight and consistent in its trajectory, indicating a controlled and directed release of energy. The overall look is reminiscent of visual effects used in science fiction media to depict weapons firing or energy being transferred at high speeds. The dark background helps to highlight the brightness and details of the beam.",lazer beam
SpaceWarp-Interactive-Art-IKONIX-low.gif,"The image shows a visually striking animation featuring what appears to be a beam of blue energy or light being emitted from a circular, swirling vortex. The vortex has a dynamic, spiraling pattern that suggests motion and power, with a bright core at its center indicating a high concentration of energy. The blue beam is well-defined and straight, projecting into the darkness, which gives it a laser-like quality.
The surrounding environment is dark and suggests an industrial setting, possibly the interior of a spaceship or a futuristic laboratory, with the light from the beam and the vortex being the primary sources of illumination. The contrasts between the light and the shadows are stark, adding to the intensity of the scene. The animation likely loops to give the effect of a continuous energy emission. This kind of visual could be used in a science fiction setting, representing advanced technology or a portal being activated.",lazer beam
00ec7e42197611.57d10a237d0a9.gif,"The image showcases an animation of a bright, glowing burst of light. The central point is intensely luminous, suggesting an epicenter of an explosion or energetic discharge. Radiating outwards from the center are streaks or spikes of light, creating a starburst effect. The light fades from a brilliant yellow-white core to orange and then to a dimmer halo, which softly illuminates the surrounding darkness.
This type of graphic could be part of a visual effect sequence in a video game, animation, or motion graphics project, where it would represent an impact, an explosion, a magical summoning, or a burst of energy. The high contrast between the light and the dark background emphasizes the intensity of the burst. The animation likely loops or evolves over time to give the impression of a continuous or pulsating source of power.",bullet
369e9ceeb279785e7a86bed68490af92.gif,"The image depicts a bright, radiant burst of light with sharp rays extending outward from the center, creating a dynamic explosion effect. The core is intensely white, suggesting a high concentration of energy or a sudden release of power. The rays are irregular and angular, giving the impression of shards or fragments, which enhances the sense of an explosive burst. Smaller particles and flecks of light are scattered around the central burst, contributing to the chaotic energy of the scene.
The background is dark with horizontal lines that could either be part of the design to give a sense of motion or could be artifacts from the compression of the image. The overall effect is one that could be used in a video game or digital animation to represent an impact, a powerful attack, or a magical event. The sharpness and brightness of the light against the dark backdrop are visually striking and draw attention to the center of the animation.",bullet
87410797cf3e6ed4d7df4d4b05136a9b.gif,"The image portrays an animated effect of a fiery object, potentially a comet or energy projectile, with a bright, incandescent core and a trailing flame or energy tail. The core is a vibrant blue with swirling patterns that suggest intense heat or power, while the tail fans out in a gradient from blue to orange-yellow, giving the impression of extreme heat at the front that cools as it extends backward.
The background is a dark teal color with a repeated watermark text ""RTFXgenerator,"" indicating that this animation may be a sample from a real-time effects generator software or toolset. The overall design of the object gives it a sense of rapid forward motion, as one might see in a shooting star or a missile within a game or a visual effects scene. The glow and color transitions are designed to give depth and realism to the fiery effect.",bullet
d59cx19-428688c9-7e37-4500-8eb1-203189668f99.gif,"The image displays an animation of a fiery orb, reminiscent of a meteor or a fireball, with trailing flames. The core of the orb appears to be a molten yellow-orange, suggesting extreme heat, while the trailing flames have a more reddish hue, giving a sense of motion as if it's rapidly moving through space or the atmosphere.
The animation probably cycles through frames that simulate the natural flickering and flowing movement of fire, with the glowing edges and particles creating a realistic flame effect. The dark background serves to highlight the brightness of the fireball, making it stand out with a dramatic contrast. This type of effect would be suitable for a video game, animation, or other visual media where a depiction of intense heat and energy is needed, such as a magical fire spell or a space object entering a planet's atmosphere.",bullet
d59cx79-428e9e8c-b19a-48b2-9f0b-f65a980782f0.gif,"The image shows an animation of what appears to be an icy or electrical comet-like object with a bright, glowing core and a trailing tail. The core is a luminescent white and blue, suggesting intense coldness or electrical energy, while the tail features streaming lines and particles that fade from white to blue, giving the impression of swift movement through space.
The animation would likely show the object traveling across a dark backdrop, with the light and particles creating a sense of motion blur. This sort of visual effect might be used in a video game, animation, or visual effects sequence to represent an icy blast, an electrical discharge, or a magical energy projectile. The dark background accentuates the bright, energetic appearance of the object, making it stand out as it moves.",bullet
db9d7d318004e340ab96151c30623a47.gif,"The image appears to be an animation of an energy blast or explosion, with a bright white center indicating intense heat or power, surrounded by a cyan glow that suggests a high energy state or possibly a plasma-like effect. The irregular shape of the outer glow gives it a dynamic and volatile appearance, as if it is an explosion or burst that has just occurred.
The repeated ""RTFXgenerator"" watermark indicates that this is likely a sample from a special effects software package designed to create real-time effects for games or videos. The animation would be suitable for depicting a sudden burst of energy or an impact in a game or video, with the white and cyan colors often associated with electrical, ice, or energy-based powers or weapons. The contrast between the bright effect and the dark background with a teal hue helps to make the explosion stand out, emphasizing the light and energy of the blast.",bullet
dbcm9sp-22cee56b-9065-4018-a906-04e5a4181d45.gif,"The image showcases a sprite sheet animation of a sparkling blue light effect, reminiscent of a magical or electrical burst. The core is brightly illuminated, suggesting intense energy concentration, and is surrounded by smaller glints and streaks of light that extend outward, giving the impression of a rapid release or dispersion of energy.
The dark background enhances the luminosity of the blue light, creating a strong contrast that makes the effect stand out sharply. This kind of animation might typically be used in video games or digital media to depict a moment of power activation, an energy pulse, a magical spell being cast, or some form of electrical discharge. The use of blue and white hues with a glowing effect helps to convey a sense of power, magic, or high energy within the scene.",bullet
eg_fireball_sprite_by_toneyhadnotjr-d7zb5fk.gif,"The image shows a sprite of a blue fireball, designed in a pixel art style typical of retro video games. The fireball has a bright center, suggesting intense heat, with lighter and darker shades of blue that create a sense of depth and motion. The trailing lines behind the fireball give the impression of rapid movement, as if it's been shot or thrown with force.
The flame effect is stylized with pixelated edges and varying opacity, which adds to the feeling that it is a blazing object in motion. The use of blue rather than traditional red or orange hues for a fireball could imply that it is composed of magical or elemental energy, rather than ordinary fire. This kind of sprite would be used in a 2D video game for an attack animation, a projectile, or a spell being cast by a character.",bullet
Fishman-Fireball-v2-copy.gif,"The image depicts an animation of a teal or aqua-colored flame or energy form. It has a glowing, ethereal quality with a blurred, smooth texture that contrasts with the dark background. The form appears to taper from a wider front to a trailing edge, giving it the appearance of moving swiftly through space.
The color and softness of the edges suggest it could represent something magical or elemental, like a water or ice spell, rather than a traditional fireball. The glow around it and the gradient from the bright center to the dimmer edges create a sense of depth and motion. This type of visual effect is often used in video games and animations to signify a projectile or an ability being used by a character.",bullet
miguel-oses-fx-projectile-plasma-00-migueloses.gif,"The image displays an animation of a plasma or energy projectile. The object appears to have a highly detailed and dynamic design with a bright, glowing core encapsulated by a translucent shell, giving the impression of containment of the powerful energy within. Streaks of light and smaller particles trail behind the projectile, indicating rapid movement.
The colors used range from white and bright light blue in the core to darker purples and blues on the outer edges, enhancing the sense of depth and the three-dimensional form of the projectile. The animation likely shows the projectile moving across the screen, which is common in video games and animated media for visualizing shots fired from energy weapons or spells cast by characters. The overall effect is one of intense energy and motion, suitable for a high-impact moment in a visual scene.",bullet
Spiritian.gif,"The image features an animated effect that resembles a burst of energy or an explosion of magical origin. At its center, there is a bright, white core that suggests a powerful release of energy. Radiating outward from this core are streaks of light and numerous particles, creating a starburst pattern. The colors transition from white in the center to various shades of blue, giving the effect depth and vibrancy.
The animation likely cycles through frames that portray the expansion and dissipation of energy, common in visual representations of explosions, magical releases, or energy bursts in video games, animations, and other digital media. The dark background highlights the luminosity of the effect, making it stand out as if it were a bright light in the void of space or a dark environment. This kind of visual effect often signifies a significant and powerful event, like a spell being cast or a mystical object being activated.",bullet